{"train_loss": 0.013369686549364075, "attack_loss": 0.8632010906500814, "val_loss": 0.013430063324748031, "atk_val_ratio": 39.63896466636163, "hidden_dim": 16, "embedding_dim": 6, "encoding_dim": 4, "batch_size": 64, "learning_rate": 0.01, "sequence_length": 15, "total_epochs": 80}