{"train_loss": 0.010986371158585419, "attack_loss": 0.7394998772520737, "val_loss": 0.010997666225409748, "atk_val_ratio": 43.88775811837997, "hidden_dim": 32, "embedding_dim": 6, "encoding_dim": 4, "batch_size": 64, "learning_rate": 0.01, "sequence_length": 10, "total_epochs": 80}