{"train_loss": 0.01260166794473599, "attack_loss": 0.9298886881816849, "val_loss": 0.012493552460465206, "atk_val_ratio": 47.46691746538044, "hidden_dim": 32, "embedding_dim": 6, "encoding_dim": 3, "batch_size": 64, "learning_rate": 0.01, "sequence_length": 15, "total_epochs": 80}