{"train_loss": 0.01278437515261802, "attack_loss": 0.920641588584045, "val_loss": 0.012774064211216483, "atk_val_ratio": 48.07806661537071, "hidden_dim": 32, "embedding_dim": 6, "encoding_dim": 5, "batch_size": 64, "learning_rate": 0.01, "sequence_length": 15, "total_epochs": 80}