{"train_loss": 0.012293587960286439, "attack_loss": 0.9048213709593493, "val_loss": 0.01207641575599759, "atk_val_ratio": 46.1990621859358, "hidden_dim": 8, "embedding_dim": 6, "encoding_dim": 4, "batch_size": 64, "learning_rate": 0.01, "sequence_length": 15, "total_epochs": 80}